Producto,Precio,Inventario
PALETA,5.0,202
CHOCOLATE,5.0,300
WOO-SINGLE-2,4.82760323404742,4405
WOO-SINGLE-1,4.82760323404742,6457
WOO-SINGLES,4.82760323404742,7129
WOO-ALBUM-4,4.82760323404742,3080
WOO-ALBUM-3,4.82760323404742,3180
WOO-ALBUM-2,4.8518625467813274,3392
WOO-ALBUM-1,4.8518625467813274,6513
POSTER-WOO-LOGO,4.8518625467813274,764
POSTER-WOO-NINJA,4.8518625467813274,3015
POSTER-PREMIUM-QUALITY,4.8518625467813274,12
